audiofile,callSign,colour,number,n,callSignCorrect_mean,callSignCorrect_raw,colourCorrect_mean,colourCorrect_raw,mouseClickOnCall_2.clicked_name_raw,mouseClickOnCall_2.leftButton_raw,mouseClickOnCall_2.midButton_raw,mouseClickOnCall_2.rightButton_raw,mouseClickOnCall_2.time_raw,mouseClickOnCall_2.x_raw,mouseClickOnCall_2.y_raw,mouseClickOnColour_2.clicked_name_raw,mouseClickOnColour_2.leftButton_raw,mouseClickOnColour_2.midButton_raw,mouseClickOnColour_2.rightButton_raw,mouseClickOnColour_2.time_raw,mouseClickOnColour_2.x_raw,mouseClickOnColour_2.y_raw,mouseClickOnNumber_2.clicked_name_raw,mouseClickOnNumber_2.leftButton_raw,mouseClickOnNumber_2.midButton_raw,mouseClickOnNumber_2.rightButton_raw,mouseClickOnNumber_2.time_raw,mouseClickOnNumber_2.x_raw,mouseClickOnNumber_2.y_raw,numberCorrect_mean,numberCorrect_raw,order
audio/NV_DE_Neural2-D_Dr-we-Ei_0.9p.wav,Dr,we,Ei,1.0,0.0,False,0.0,False,call4_2,1,1,1,1,0,0,0,0,0,0,0,0,1.2014030999853276,1.5688151999784168,1.968682999984594,2.6028685999917798,-0.32430555555555557,-0.4354166666666667,-0.02847222222222222,-0.3194444444444444,-0.48541666666666666,-0.19930555555555557,-0.27361111111111114,-0.30625,colour3_2,1,0,0,3.186107399989851,0.008333333333333333,-0.1375,number4_2,1,0,0,3.5366384999942966,0.36944444444444446,-0.275,0.0,False,0.0
audio/NV_DE_Neural2-D_Dr-we-Ei_0.3p.wav,Dr,we,Ei,1.0,0.0,False,0.0,False,call3_2,1,0,0,1.660206799977459,-0.325,-0.1486111111111111,colour3_2,1,0,0,2.0436762999743223,-0.03194444444444444,-0.16597222222222222,number4_2,1,0,0,2.6613902999961283,0.47430555555555554,-0.3284722222222222,0.0,False,1.0
audio/SiSSN_DE_Neural2-D_Kr-we-Dr_-2.5db.wav,Kr,we,Dr,1.0,1.0,True,0.0,False,call3_2,1,1,0,0,0,0,5.145164300018223,5.494950000022072,-0.5041666666666667,-0.375,-0.12708333333333333,-0.12986111111111112,colour3_2,1,0,0,6.129740500007756,-0.06388888888888888,-0.12638888888888888,number3_2,1,0,0,6.67943010001909,0.36944444444444446,-0.14097222222222222,0.0,False,2.0
audio/SiSSN_DE_Neural2-D_Kr-we-Dr_-13db.wav,Kr,we,Dr,1.0,0.0,False,0.0,False,call4_2,1,1,0,0,0,0,2.008261600014521,2.2586523999925703,-0.24513888888888888,-0.3284722222222222,-0.3104166666666667,-0.30486111111111114,colour4_2,1,0,0,2.6259187000105157,0.08472222222222223,-0.28125,number4_2,1,0,0,2.9759779000014532,0.375,-0.2972222222222222,0.0,False,3.0

extraInfo
participant,s00
order,1
date,2023-05-26_17h25.45.486
expName,SentenceInNoise
psychopyVersion,2022.2.1
frameRate,59.52809696402085
